{
  "1": [
    {
      "user": "arda",
      "text": "çok iyi",
      "time": "13.12.2025 22:39"
    },
    {
      "user": "ferbod",
      "text": "ahhhhhhhhh",
      "time": "13.12.2025 22:39"
    },
    {
      "id": "106f886e-65ad-44cd-a91d-799184e0a9dc",
      "user": "mustafa",
      "text": "güzel bir ürün",
      "time": "13.12.2025 22:55"
    },
    {
      "id": "be437ad9-403d-42ea-ba71-8b62da4ef0fd",
      "user": "arda1",
      "text": "çok iyii",
      "time": "15.12.2025 19:36"
    },
    {
      "id": "2a676b2d-6b22-421e-a26b-157ed65049c2",
      "user": "e",
      "text": "bu ürün çok gizemli ve gğçlü\r\n",
      "time": "19.12.2025 20:27"
    },
    {
      "id": "db75e3f3-f672-4181-8fab-4fe57403bb03",
      "user": "e",
      "text": "bu ürün çok gizemli ve gğçlü\r\n",
      "time": "19.12.2025 20:28"
    }
  ],
  "15": [
    {
      "id": "3b80d410-4ad8-4ec6-965a-da01ab85decc",
      "user": "haha",
      "text": "G",
      "time": "21.12.2025 16:47"
    },
    {
      "id": "6ae03fda-21b5-4e8b-9a77-609a8548204e",
      "user": "haha",
      "text": "G",
      "time": "21.12.2025 16:47"
    },
    {
      "id": "c5f8b517-781f-4f1a-8f1a-d6ca67ca6149",
      "user": "haha",
      "text": "G",
      "time": "21.12.2025 16:47"
    },
    {
      "id": "4465ec7e-eb43-40f4-89c5-ea8510358937",
      "user": "haha",
      "text": "G",
      "time": "21.12.2025 16:47"
    },
    {
      "id": "8ddc9324-fe80-4191-b4bf-3192f4e8f796",
      "user": "haha",
      "text": "G",
      "time": "21.12.2025 16:48"
    }
  ],
  "2": [
    {
      "id": "d005adba-eea8-4c74-af32-41914278d03e",
      "user": "ardazzz",
      "text": "waow",
      "time": "20.12.2025 20:26"
    },
    {
      "id": "17b55546-4677-4afc-bf05-f2361a5a7de5",
      "user": "mustafa",
      "text": "iyi",
      "time": "21.12.2025 19:01"
    }
  ],
  "3": [
    {
      "id": "35b6c025-df0a-42ac-b212-e542b11a5235",
      "user": "qarda",
      "text": "efsane bişey",
      "time": "21.12.2025 18:59"
    },
    {
      "id": "e33b5af5-f449-4d51-a2ca-35324fde28b8",
      "user": "arda",
      "text": "a.\r\n",
      "time": "24.12.2025 20:19"
    }
  ]
}